Timestamp;Cam0_Temp;Cam1_Temp;Cam2_Temp;PMU_Temp1;PMU_Temp2;PMU_Voltage;PMU_Current;PMU_Power;CPU_Temp;CPU_MHz;CPU_Load;CPU_Chipset_Temp;Scanner_Top_bottom_circuit_rt1;Scanner_Top_bottom_circuit_rt2;Scanner_Top_laser_emitting_board_rt1;Scanner_Top_laser_emitting_board_rt2;Scanner_Top_receiving_board_rt1;Scanner_Top_top_circuit_rt1;Scanner_Bot_bottom_circuit_rt1;Scanner_Bot_bottom_circuit_rt2;Scanner_Bot_avg_tmp;Scanner_Bot_laser_emitting_board_rt1;Scanner_Bot_laser_emitting_board_rt2;Scanner_Bot_receiving_board_rt1;Scanner_Bot_top_circuit_rt1;Angle;Distance
2023-01-12T14:08:03.617452;54.25;56.25;54.25;41.7500;34.0000;19.7137;2.7173;54.0482;37.0;2488.77025;4.0;31.85;46.0;46.2;54.1;54.4;52.9;55.3;44.1;44.1;51.6;50.8;51.0;50.7;52.8;337;13
2023-01-12T14:08:04.935251;50.125;52.125;51.25;42.0000;34.0000;19.6774;3.2325;60.4724;40.0;2489.884125;10.2;31.85;46.0;46.2;54.1;54.4;52.9;55.3;44.1;44.1;51.6;50.8;51.0;50.7;52.8;323;36
2023-01-12T14:08:06.246795;50.25;52.125;50.25;42.0000;34.0000;19.6599;3.0774;61.0217;40.0;2313.977375;10.5;31.85;46.0;46.2;53.9;54.3;53.0;55.3;44.1;44.1;51.6;50.8;50.9;50.7;52.8;355;20
2023-01-12T14:08:07.545175;50.125;52.125;51.25;42.0000;34.0000;19.6137;3.3991;67.3085;40.0;2572.864625;10.5;31.85;45.9;46.2;54.1;54.6;53.0;55.4;44.1;44.1;51.7;50.7;50.9;50.7;52.9;48;42
2023-01-12T14:08:08.841901;50.125;52.25;51.25;42.0000;34.0000;19.6749;3.23;60.5792;39.0;2529.557625;11.3;31.85;45.9;46.2;54.1;54.6;53.0;55.4;44.1;44.1;51.7;50.7;50.9;50.7;52.9;85;31
2023-01-12T14:08:10.139611;50.125;51.125;51.25;42.0000;34.0000;19.5712;3.4681;65.0349;45.0;2536.049125;11.4;31.85;46.0;46.2;54.1;54.5;52.9;55.3;44.1;44.1;51.7;50.7;51.0;50.7;52.8;322;25
2023-01-12T14:08:11.440683;50.125;52.25;51.25;42.0000;34.0000;19.5762;3.5444;69.9484;43.0;2646.5056250000002;11.4;31.85;46.0;46.2;54.2;54.3;52.9;55.3;44.1;44.1;51.7;50.8;51.0;50.7;52.8;297;1
2023-01-12T14:08:12.742383;50.25;52.125;51.25;42.0000;34.0000;19.6312;3.1922;65.2485;54.0;2737.4411250000003;11.0;31.85;46.0;46.2;54.2;54.3;52.9;55.3;44.1;44.1;51.7;50.8;51.0;50.7;52.8;165;19
2023-01-12T14:08:14.055402;50.125;52.125;51.25;42.0000;34.0000;19.6474;3.1238;66.3472;40.0;2597.19175;11.5;31.85;46.0;46.2;54.2;54.4;52.9;55.3;44.1;44.1;51.7;50.8;50.8;50.8;52.9;180;46
2023-01-12T14:08:15.375224;50.25;52.125;51.25;42.0000;34.0000;19.6599;3.3881;70.4062;39.0;2497.6672500000004;11.9;31.85;46.0;46.2;54.1;54.4;53.0;55.3;44.1;44.1;51.7;50.8;51.0;50.8;52.8;145;40
2023-01-12T14:08:16.683340;50.25;52.125;51.125;42.0000;34.0000;19.6287;3.3277;58.977;39.0;2268.484875;11.1;31.85;46.0;46.2;54.1;54.4;53.0;55.3;44.1;44.1;51.7;50.8;51.0;50.8;52.8;259;49
2023-01-12T14:08:17.980337;50.25;52.125;51.0;42.0000;34.0000;19.6412;3.7531;70.2536;47.0;2518.586625;11.5;31.85;46.0;46.3;54.2;54.4;52.9;55.3;44.1;44.1;51.7;50.7;50.9;50.7;52.8;312;0
2023-01-12T14:08:19.285268;50.25;52.125;51.25;42.0000;34.0000;19.6487;3.2447;66.9576;47.0;2535.64825;11.9;31.85;46.0;46.3;54.2;54.4;52.9;55.3;44.1;44.1;51.7;50.7;50.9;50.7;52.8;184;31
2023-01-12T14:08:20.596827;50.25;52.875;51.125;42.0000;34.0000;19.6224;3.3216;63.0817;42.0;2680.092375;11.8;31.85;46.0;46.3;54.1;54.5;53.0;55.3;44.1;44.1;51.6;50.8;50.8;50.7;52.7;160;26
2023-01-12T14:08:21.909725;50.25;52.125;51.125;42.0000;34.0000;19.6375;3.3967;65.2485;50.0;2734.982375;11.0;32.85;46.0;46.3;54.1;54.5;52.9;55.3;44.1;44.1;51.6;50.8;50.8;50.8;52.7;221;0
2023-01-12T14:08:23.224961;50.25;52.25;51.875;42.0000;34.0000;19.62;3.3143;68.5293;49.0;2708.550875;11.9;32.85;46.0;46.3;54.1;54.5;52.9;55.3;44.1;44.1;51.6;50.8;50.8;50.8;52.7;7;20
2023-01-12T14:08:24.525150;50.25;52.125;51.25;42.0000;34.0000;19.62;3.4669;64.3482;44.0;2723.359;10.9;32.85;46.0;46.2;54.1;54.5;52.9;55.2;44.1;44.1;51.7;50.8;50.8;50.7;52.7;222;33
2023-01-12T14:08:25.842515;50.125;52.125;51.25;42.0000;34.0000;19.67;2.8034;55.2232;41.0;2654.9595;11.1;32.85;46.0;46.3;54.0;54.5;52.9;55.4;44.1;44.1;51.7;50.7;50.9;50.8;52.9;244;41
2023-01-12T14:08:27.142438;50.25;52.0;51.25;42.2500;34.0000;19.6712;3.0872;60.747;41.0;2512.8424999999997;10.6;32.85;46.0;46.3;54.0;54.5;52.9;55.4;44.1;44.1;51.7;50.7;50.9;50.8;52.9;226;30
2023-01-12T14:08:28.446825;50.25;52.125;51.25;42.2500;34.0000;19.665;3.2966;64.455;41.0;2531.312875;11.4;32.85;46.0;46.2;54.1;54.4;53.0;55.4;44.1;44.1;51.6;50.8;50.9;50.8;52.9;225;44
2023-01-12T14:08:29.743866;50.125;52.125;51.875;42.2500;34.0000;19.6012;3.4742;64.9586;47.0;2879.740375;11.7;32.85;46.0;46.2;54.1;54.5;53.0;55.4;44.1;44.1;51.6;50.8;50.8;50.8;52.8;140;46
2023-01-12T14:08:31.043219;50.125;52.125;51.125;42.2500;34.0000;19.625;3.3497;65.279;46.0;2615.70775;11.4;32.85;46.0;46.3;54.1;54.5;52.9;55.3;44.1;44.1;51.6;50.8;50.8;50.8;52.8;224;40
2023-01-12T14:08:32.347195;50.25;52.25;51.125;42.2500;34.0000;19.5825;3.277;66.0725;48.0;3028.19025;10.9;32.85;46.0;46.3;54.1;54.3;52.9;55.3;44.1;44.1;51.6;50.8;50.9;50.7;52.8;140;25
2023-01-12T14:08:33.660450;50.125;52.25;51.25;42.2500;34.0000;19.6275;3.4308;60.6707;45.0;2675.4375;10.9;32.85;46.0;46.3;54.1;54.3;52.9;55.3;44.1;44.1;51.6;50.8;50.9;50.7;52.8;49;43
2023-01-12T14:08:34.961183;50.125;52.875;51.125;42.2500;34.0000;19.6337;3.0762;61.1743;41.0;2628.118;10.8;32.85;46.0;46.2;54.2;54.5;53.0;55.3;44.1;44.1;51.6;50.7;50.8;50.7;52.9;52;29
2023-01-12T14:08:36.267326;50.125;52.125;51.25;42.2500;34.0000;19.6137;3.4272;62.1204;42.0;2628.36175;10.7;32.85;46.0;46.3;54.0;54.5;53.0;55.3;44.1;44.1;51.7;50.8;51.1;50.7;52.9;158;0
2023-01-12T14:08:37.570959;50.25;52.25;51.125;42.2500;34.0000;19.62;3.3521;69.6279;40.0;2568.660875;11.1;32.85;46.0;46.3;54.0;54.5;53.0;55.3;44.1;44.1;51.7;50.8;51.1;50.7;52.9;211;37
2023-01-12T14:08:38.861918;50.125;52.875;51.25;42.2500;34.0000;19.655;3.2636;66.7287;49.0;2617.342;10.8;33.85;46.0;46.3;53.9;54.5;52.9;55.3;44.1;44.1;51.6;50.7;51.0;50.8;52.8;161;45
2023-01-12T14:08:40.161244;50.125;52.125;51.125;42.2500;34.0000;19.6224;3.5285;70.2993;56.0;2695.565;11.6;33.85;46.0;46.3;54.0;54.6;52.9;55.4;44.1;44.1;51.6;50.8;51.0;50.8;52.9;32;22
2023-01-12T14:08:41.465802;50.25;52.125;51.125;42.2500;34.0000;19.5949;3.2697;66.5456;49.0;2695.7889999999998;11.6;33.85;46.0;46.3;54.0;54.6;52.9;55.4;44.1;44.1;51.6;50.8;51.0;50.8;52.9;297;16
2023-01-12T14:08:42.775804;50.25;52.125;51.375;42.2500;34.0000;19.6537;3.064;62.6087;41.0;2675.0062500000004;10.5;33.85;46.0;46.3;54.0;54.4;53.0;55.3;44.1;44.1;51.7;50.8;50.9;50.8;52.8;150;20
2023-01-12T14:08:44.082580;50.25;52.125;51.125;42.5000;34.0000;19.6175;3.4852;59.6484;41.0;2512.357625;11.1;33.85;46.0;46.3;54.0;54.4;53.0;55.3;44.1;44.1;51.6;50.7;51.0;50.8;52.8;137;36
2023-01-12T14:08:45.378687;50.25;52.25;51.125;42.5000;34.0000;19.6087;3.4559;69.8263;43.0;2892.29025;11.2;33.85;46.0;46.2;54.1;54.4;52.9;55.3;44.1;44.1;51.6;50.7;51.0;50.8;52.8;10;41
2023-01-12T14:08:46.701318;50.125;52.125;51.125;42.5000;34.0000;19.6849;3.086;67.3085;55.0;2755.7813750000005;12.1;33.85;46.0;46.2;54.1;54.5;52.9;55.4;44.1;44.1;51.7;50.8;50.8;50.8;52.8;66;30
2023-01-12T14:08:48.020723;50.125;52.125;51.25;42.5000;34.0000;19.6825;3.0292;59.2211;42.0;2738.869625;13.0;33.85;46.0;46.2;54.1;54.5;52.9;55.4;44.1;44.1;51.7;50.8;50.8;50.8;52.8;43;34
2023-01-12T14:08:49.319304;50.125;52.0;51.25;42.5000;34.0000;19.6574;3.2782;68.1325;47.0;2490.358875;12.4;33.85;46.0;46.3;54.0;54.6;52.9;55.2;44.1;44.1;51.7;50.7;51.1;50.7;52.8;178;24
2023-01-12T14:08:50.619788;50.125;52.125;51.25;42.5000;34.0000;19.6612;3.4815;70.0094;53.0;3114.812875;12.2;33.85;46.0;46.2;54.0;54.4;52.9;55.3;44.1;44.1;51.7;50.8;51.1;50.8;52.9;319;6
2023-01-12T14:08:51.935191;50.125;52.125;51.25;42.5000;34.0000;19.6412;3.5077;65.4469;41.0;2569.4595;12.0;33.85;46.0;46.2;54.0;54.4;52.9;55.3;44.1;44.1;51.7;50.8;51.1;50.8;52.9;173;45
2023-01-12T14:08:53.237937;50.25;52.125;51.125;42.5000;34.0000;19.61;3.4681;69.6585;46.0;2526.4693749999997;11.8;33.85;46.0;46.2;54.3;54.4;53.0;55.4;44.1;44.1;51.6;50.6;50.8;50.7;52.8;220;0
2023-01-12T14:08:54.551614;50.125;52.25;51.25;42.5000;34.0000;19.6162;3.31;65.9962;46.0;2625.446;12.2;33.85;46.0;46.2;54.2;54.5;52.9;55.3;44.1;44.1;51.6;50.7;51.0;50.8;52.9;81;7
2023-01-12T14:08:55.870868;50.25;52.125;51.25;42.5000;34.0000;19.565;3.2587;62.273;43.0;2672.3835;11.0;33.85;46.0;46.2;54.2;54.5;52.9;55.3;44.1;44.1;51.6;50.7;51.0;50.8;52.9;84;4
2023-01-12T14:08:57.175348;50.125;52.25;51.25;42.5000;34.0000;19.6662;3.1116;59.9841;41.0;2641.604375;11.0;33.85;46.0;46.2;54.1;54.4;52.9;55.3;44.1;44.1;51.6;50.8;50.8;50.7;52.8;171;24
2023-01-12T14:08:58.479027;50.125;52.125;51.25;42.5000;34.0000;19.6562;3.3338;65.7521;45.0;2520.4408750000002;11.3;33.85;46.0;46.2;54.1;54.4;52.9;55.3;44.1;44.1;51.6;50.7;50.9;50.8;52.8;11;11
2023-01-12T14:08:59.775696;50.25;52.125;51.125;42.5000;34.0000;19.6525;3.3362;65.9352;48.0;2684.8536249999997;11.0;33.85;46.0;46.3;54.3;54.3;53.0;55.3;44.1;44.1;51.6;50.7;50.9;50.8;52.7;310;50
2023-01-12T14:09:01.080978;50.25;52.25;51.25;42.7500;34.0000;19.5912;3.1623;64.4093;45.0;2719.6915;11.1;34.85;46.0;46.2;54.2;54.3;52.9;55.3;44.1;44.1;51.6;50.8;50.9;50.8;52.9;138;40
2023-01-12T14:09:02.399251;50.25;52.125;51.25;42.7500;34.0000;19.6712;3.086;67.1559;42.0;3024.065375;11.4;34.85;46.0;46.2;54.2;54.3;52.9;55.3;44.1;44.1;51.6;50.8;50.9;50.8;52.9;112;5
2023-01-12T14:09:03.708433;50.125;52.125;51.125;42.7500;34.0000;19.6474;3.039;60.3503;42.0;2592.9158749999997;11.7;34.85;46.0;46.3;54.1;54.5;52.9;55.3;44.1;44.1;51.6;50.8;50.8;50.8;52.9;128;12
2023-01-12T14:09:05.009329;50.125;52.25;51.125;42.7500;34.0000;19.6749;3.1043;60.8081;45.0;2410.681875;11.1;34.85;46.0;46.3;54.1;54.5;52.9;55.3;44.1;44.1;51.6;50.7;51.0;50.7;52.9;297;44
2023-01-12T14:09:06.304361;50.25;52.125;51.25;42.7500;34.0000;19.6625;3.5102;70.4824;52.0;2626.270375;10.4;34.85;46.0;46.3;54.1;54.5;52.9;55.3;44.1;44.1;51.6;50.7;51.0;50.7;52.9;54;25
2023-01-12T14:09:07.602949;50.25;52.125;51.25;42.7500;34.0000;19.6275;3.3326;66.805;55.0;2630.211375;11.3;34.85;46.0;46.3;54.0;54.6;53.0;55.4;44.1;44.1;51.7;50.7;51.1;50.8;52.9;332;20
2023-01-12T14:09:08.909462;50.125;52.25;51.25;42.7500;34.0000;19.5637;3.2599;65.0044;42.0;2562.28075;12.0;34.85;46.0;46.3;54.2;54.5;52.9;55.3;44.1;44.1;51.7;50.7;50.9;50.8;52.9;256;20
2023-01-12T14:09:10.211439;50.125;52.125;51.125;42.7500;34.0000;19.6387;3.4992;65.8741;42.0;2467.3285;10.6;34.85;46.0;46.3;54.2;54.5;52.9;55.3;44.1;44.1;51.7;50.7;50.9;50.8;52.9;14;0
2023-01-12T14:09:11.509695;50.125;52.25;51.25;42.7500;34.0000;19.6674;3.3759;59.6789;46.0;2599.46375;11.5;34.85;46.0;46.3;54.2;54.3;52.9;55.3;44.1;44.1;51.5;50.8;50.9;50.7;52.8;238;3
2023-01-12T14:09:12.821392;50.125;52.25;51.25;42.7500;34.0000;19.6299;3.3155;67.4459;53.0;2675.791375;11.5;34.85;46.0;46.3;54.2;54.3;52.9;55.3;44.1;44.1;51.5;50.8;50.9;50.7;52.8;171;1
2023-01-12T14:09:14.131881;50.25;52.125;51.25;42.7500;34.0000;19.6137;3.3399;65.9352;57.0;2728.71925;10.8;34.85;46.0;46.3;54.1;54.5;53.0;55.3;44.1;44.1;51.7;50.7;51.1;50.8;52.9;358;40
2023-01-12T14:09:15.431591;50.25;52.25;51.25;42.7500;34.0000;19.6112;3.3228;66.5303;50.0;2920.077;11.2;34.85;46.0;46.2;54.2;54.4;52.9;55.4;44.1;44.1;51.6;50.7;51.0;50.8;52.9;303;38
2023-01-12T14:09:16.739133;50.125;52.25;51.25;43.0000;34.5000;19.6499;3.2239;60.3503;43.0;2771.2082499999997;10.8;34.85;46.0;46.2;54.2;54.4;52.9;55.4;44.1;44.1;51.6;50.7;51.0;50.8;52.9;21;32
2023-01-12T14:09:18.043948;50.25;52.25;51.25;43.0000;34.5000;19.6712;2.9956;60.7318;43.0;2546.8672500000002;10.9;34.85;46.0;46.2;54.1;54.4;52.9;55.2;44.1;44.1;51.5;50.6;50.7;50.8;52.7;46;3
2023-01-12T14:09:19.335884;50.125;52.125;51.25;43.0000;34.5000;19.645;3.3655;68.926;46.0;2620.306625;10.6;34.85;46.0;46.2;54.0;54.6;52.9;55.4;44.1;44.2;51.7;50.7;51.0;50.7;52.8;41;49
2023-01-12T14:09:20.626154;50.125;52.125;51.375;43.0000;34.5000;19.6175;3.3606;67.7816;57.0;2730.0375;11.3;34.85;46.0;46.2;54.0;54.6;52.9;55.4;44.1;44.2;51.7;50.7;51.0;50.7;52.8;92;16
2023-01-12T14:09:21.935646;50.25;52.125;51.125;43.0000;34.5000;19.5974;3.3893;62.5476;48.0;2678.692375;11.0;34.85;46.0;46.2;54.1;54.6;53.1;55.4;44.1;44.1;51.5;50.7;51.1;50.8;52.8;247;22
2023-01-12T14:09:23.251351;50.125;52.125;51.25;43.0000;34.5000;19.6749;3.075;64.9586;53.0;2693.2852500000004;10.9;34.85;46.0;46.3;54.1;54.5;52.8;55.3;44.1;44.1;51.6;50.8;50.9;50.7;52.8;72;36
2023-01-12T14:09:24.564432;50.125;52.125;51.25;43.0000;34.5000;19.6525;3.0268;70.574;43.0;2999.47275;10.7;34.85;46.0;46.3;54.1;54.5;52.8;55.3;44.1;44.1;51.6;50.8;50.9;50.7;52.8;79;25
2023-01-12T14:09:25.857411;50.125;52.25;51.25;43.0000;34.5000;19.6275;3.1598;60.5792;42.0;2570.80125;11.1;34.85;46.0;46.2;54.2;54.5;52.9;55.4;44.1;44.2;51.7;50.8;51.0;50.8;52.8;166;17
2023-01-12T14:09:27.171247;50.125;52.125;51.25;43.0000;34.5000;19.5887;3.2819;67.5832;49.0;2809.456375;11.5;34.85;46.0;46.2;54.2;54.5;52.9;55.4;44.1;44.2;51.7;50.8;51.0;50.8;52.8;200;17
2023-01-12T14:09:28.479340;50.125;52.125;51.125;43.0000;34.5000;19.6112;3.1897;61.8762;55.0;2692.875375;11.5;35.85;46.0;46.2;54.2;54.3;52.9;55.4;44.1;44.2;51.7;50.8;50.8;50.8;52.7;13;35
2023-01-12T14:09:29.779192;50.0;52.25;51.25;43.0000;34.5000;19.67;3.0689;62.1509;43.0;2646.1168749999997;11.2;35.85;46.0;46.3;54.1;54.5;53.0;55.3;44.1;44.1;51.6;50.9;50.9;50.8;52.8;277;39
2023-01-12T14:09:31.079564;50.25;52.25;51.375;43.0000;34.5000;19.5812;3.2056;66.5303;45.0;2557.58575;11.1;35.85;46.0;46.3;54.1;54.5;53.0;55.3;44.1;44.1;51.6;50.9;50.9;50.8;52.8;166;15
2023-01-12T14:09:32.373282;50.125;52.25;51.125;43.0000;34.5000;19.6175;3.2538;68.5293;45.0;2714.729;11.1;35.85;46.0;46.3;54.2;54.4;53.0;55.3;44.1;44.1;51.7;50.7;51.1;50.7;52.8;94;39
2023-01-12T14:09:33.678439;50.25;52.125;51.25;43.0000;34.5000;19.6287;3.0945;61.2353;41.0;2606.356875;11.4;35.85;46.0;46.3;54.1;54.4;53.0;55.5;44.2;44.2;51.6;50.7;51.1;50.8;52.9;43;7
2023-01-12T14:09:34.986982;50.25;52.25;51.25;43.2500;34.5000;19.6312;3.2312;61.7084;41.0;2640.601875;11.4;35.85;46.0;46.3;54.1;54.4;53.0;55.5;44.2;44.2;51.6;50.7;51.1;50.8;52.9;114;20
2023-01-12T14:09:36.298581;50.25;52.125;51.125;43.2500;34.5000;19.6212;3.3289;63.2038;50.0;2730.134125;11.2;35.85;46.0;46.3;54.1;54.5;53.0;55.4;44.2;44.2;51.7;50.7;51.0;50.8;52.8;25;16
2023-01-12T14:09:37.600729;50.25;52.0;51.125;43.2500;34.5000;19.6537;3.1995;63.9515;44.0;2702.716625;11.7;35.85;46.0;46.3;54.2;54.4;52.9;55.4;44.2;44.2;51.7;50.8;50.9;50.8;52.9;181;3
2023-01-12T14:09:38.907162;50.125;52.25;51.125;43.2500;34.5000;19.6599;2.9871;60.5334;44.0;2547.8320000000003;10.8;35.85;46.0;46.2;54.2;54.4;52.9;55.3;44.2;44.2;51.7;50.8;50.9;50.8;52.9;154;6
2023-01-12T14:09:40.208736;50.25;52.125;51.25;43.2500;34.5000;19.6299;3.5151;68.6819;42.0;2532.8131249999997;10.8;35.85;46.0;46.2;54.0;54.5;52.9;55.4;44.2;44.2;51.6;50.8;51.0;50.8;52.9;138;3
2023-01-12T14:09:41.507316;50.25;52.125;51.25;43.2500;34.5000;19.6062;3.382;65.2027;53.0;2776.808625;11.2;35.85;46.0;46.2;54.0;54.5;52.9;55.4;44.2;44.2;51.6;50.8;51.0;50.8;52.9;350;7
2023-01-12T14:09:42.815316;50.125;52.125;51.25;43.2500;34.5000;19.5937;3.4333;66.4235;57.0;2741.331;10.9;35.85;46.0;46.3;54.1;54.6;52.8;55.3;44.2;44.2;51.5;50.8;51.0;50.8;52.9;88;33
2023-01-12T14:09:44.125763;50.125;52.25;51.0;43.2500;34.5000;19.5612;3.4015;63.5242;44.0;2857.875375;10.8;35.85;46.0;46.3;54.2;54.4;52.9;55.4;44.2;44.2;51.7;50.8;50.8;50.8;52.7;91;26
2023-01-12T14:09:45.431180;50.125;52.125;51.125;43.2500;34.5000;19.6712;3.1092;67.7816;42.0;2850.54275;10.9;35.85;46.0;46.3;54.2;54.4;52.9;55.4;44.2;44.2;51.7;50.8;50.8;50.8;52.7;293;20
2023-01-12T14:09:46.725892;50.25;52.125;51.875;43.2500;34.5000;19.5674;3.2422;63.8599;44.0;2806.4865;11.1;35.85;46.0;46.3;54.1;54.6;52.9;55.3;44.2;44.2;51.7;50.6;50.8;50.8;52.9;310;6
2023-01-12T14:09:48.026468;50.125;52.125;51.25;43.2500;34.5000;19.6312;3.2374;64.8823;58.0;3127.71575;11.1;35.85;46.0;46.3;54.2;54.3;52.9;55.3;44.2;44.2;51.7;50.8;50.8;50.9;52.9;52;43
2023-01-12T14:09:49.344674;50.125;52.25;51.375;43.2500;34.5000;19.62;3.426;65.9962;51.0;3142.9195;11.2;35.85;46.0;46.3;54.2;54.3;52.9;55.3;44.2;44.2;51.7;50.8;50.8;50.9;52.9;138;24
2023-01-12T14:09:50.662364;50.25;52.125;51.25;43.2500;34.5000;19.635;3.6408;69.3838;43.0;2689.8136250000002;11.0;35.85;46.0;46.2;54.0;54.5;52.9;55.3;44.2;44.2;51.7;50.7;50.8;50.7;52.8;111;17
2023-01-12T14:09:51.959169;50.125;52.25;51.125;43.2500;34.5000;19.625;3.0512;59.2516;42.0;2789.285625;11.0;35.85;46.0;46.2;54.0;54.5;52.9;55.3;44.2;44.2;51.6;50.8;50.9;50.7;52.8;132;46
2023-01-12T14:09:53.252262;50.25;52.25;51.125;43.2500;34.5000;19.62;3.335;69.2464;52.0;2789.08925;11.5;35.85;46.0;46.3;54.0;54.6;53.0;55.4;44.2;44.2;51.6;50.8;50.9;50.7;52.8;38;32
2023-01-12T14:09:54.557117;50.25;52.25;51.25;43.5000;34.5000;19.6162;3.3301;67.6747;52.0;2631.4521250000003;11.0;35.85;46.0;46.3;54.2;54.5;52.9;55.3;44.2;44.2;51.7;50.7;51.0;50.8;52.9;227;13
2023-01-12T14:09:55.863319;50.25;52.125;51.25;43.5000;34.5000;19.5849;3.5248;69.5516;56.0;2815.849875;10.7;35.85;46.0;46.3;54.2;54.5;52.9;55.3;44.2;44.2;51.7;50.7;51.0;50.8;52.9;356;39
2023-01-12T14:09:57.173058;50.125;52.25;51.25;43.5000;34.5000;19.6812;3.0133;63.8752;42.0;2477.454125;10.5;35.85;46.0;46.3;54.0;54.7;53.0;55.5;44.2;44.2;51.6;50.8;50.8;50.8;52.9;304;31
2023-01-12T14:09:58.464583;50.25;52.125;51.25;43.5000;34.5000;19.5762;3.23;60.1062;46.0;2875.230375;10.9;35.85;46.0;46.3;54.1;54.5;52.9;55.4;44.2;44.2;51.6;50.8;51.0;50.7;52.8;210;30
2023-01-12T14:09:59.776593;50.125;52.125;51.25;43.5000;34.5000;19.5637;3.2795;68.3767;59.0;2558.507375;11.8;35.85;46.0;46.3;54.1;54.5;52.9;55.4;44.2;44.2;51.6;50.8;51.0;50.7;52.8;30;29
2023-01-12T14:10:01.069666;50.25;52.125;51.25;43.5000;34.5000;19.62;3.4913;68.4987;57.0;2570.516;11.0;35.85;46.0;46.2;54.1;54.5;52.9;55.4;44.2;44.2;51.7;50.7;51.1;50.8;52.9;2;22
2023-01-12T14:10:02.381209;50.125;52.125;51.125;43.5000;34.5000;19.6574;3.0933;63.158;44.0;2699.466875;10.5;35.85;46.0;46.3;54.1;54.5;52.9;55.4;44.2;44.3;51.7;50.7;51.0;50.8;52.9;96;8
2023-01-12T14:10:03.689183;50.25;52.25;51.25;43.5000;34.5000;19.6512;3.0475;62.8223;44.0;2604.2394999999997;11.2;35.85;46.0;46.3;54.1;54.5;52.9;55.4;44.2;44.3;51.7;50.7;51.0;50.8;52.9;83;36
2023-01-12T14:10:04.994496;50.25;52.25;51.125;43.5000;34.5000;19.5837;3.4827;71.3217;46.0;2669.227375;11.0;36.85;46.0;46.3;54.2;54.4;52.9;55.4;44.2;44.2;51.7;50.8;51.0;50.8;52.8;142;6
2023-01-12T14:10:06.287294;50.25;52.25;51.0;43.5000;34.5000;19.6062;3.5004;62.8528;61.0;2543.021125;10.6;36.85;46.0;46.3;54.2;54.4;52.9;55.4;44.2;44.2;51.7;50.8;51.0;50.8;52.8;297;18
2023-01-12T14:10:07.595311;50.25;52.125;51.125;43.5000;34.5000;19.6312;3.4101;70.2841;57.0;2693.4725;11.0;36.85;46.0;46.2;54.3;54.4;52.9;55.4;44.2;44.2;51.7;50.7;51.1;50.8;52.8;88;21
2023-01-12T14:10:08.904982;50.25;52.25;51.125;43.5000;34.5000;19.6324;3.2685;64.6076;56.0;2723.91075;10.7;36.85;46.0;46.3;54.0;54.5;53.0;55.3;44.2;44.2;51.7;50.8;51.0;50.8;52.9;157;8
2023-01-12T14:10:10.219210;50.25;52.25;50.25;43.5000;34.5000;19.6574;3.0799;70.8334;42.0;2753.0388749999997;10.9;36.85;46.0;46.3;54.0;54.5;53.0;55.3;44.2;44.2;51.7;50.8;51.0;50.8;52.9;281;26
2023-01-12T14:10:11.522456;50.25;52.125;51.25;43.5000;34.5000;19.6499;3.3027;68.4835;43.0;2804.111;11.3;36.85;46.0;46.3;54.2;54.4;53.0;55.3;44.2;44.2;51.6;50.8;51.0;50.8;52.9;281;24
2023-01-12T14:10:12.839306;50.25;52.125;51.25;43.5000;34.5000;19.62;3.3265;64.1499;53.0;2674.7065000000002;11.6;36.85;46.0;46.3;54.1;54.6;53.1;55.3;44.2;44.3;51.7;50.7;51.0;50.8;52.8;328;48
2023-01-12T14:10:14.137821;50.25;52.25;51.25;43.5000;34.5000;19.6399;3.3759;66.2556;50.0;2642.13625;11.4;36.85;46.0;46.3;54.1;54.6;53.1;55.3;44.2;44.3;51.7;50.7;51.0;50.8;52.8;184;44
2023-01-12T14:10:15.446951;50.25;52.25;51.125;43.5000;34.5000;19.6637;3.5212;63.2801;44.0;2721.577;10.4;36.85;46.0;46.3;54.2;54.4;52.9;55.5;44.2;44.2;51.6;50.8;50.8;50.9;52.9;64;24
2023-01-12T14:10:16.754051;50.25;52.125;51.25;43.5000;34.5000;19.6574;3.1141;67.1559;44.0;2721.748125;10.7;36.85;46.0;46.3;54.2;54.6;52.9;55.3;44.3;44.3;51.7;50.8;50.9;50.8;52.8;123;50
2023-01-12T14:10:18.070523;50.125;52.25;51.25;43.7500;34.5000;19.6587;3.2795;69.8568;44.0;2716.179125;11.5;36.85;46.0;46.3;54.2;54.6;52.9;55.3;44.3;44.3;51.7;50.8;50.9;50.8;52.8;358;38
2023-01-12T14:10:19.365766;50.25;52.125;51.25;43.7500;34.5000;19.6299;3.3088;63.9973;50.0;2689.343625;11.2;36.85;46.0;46.3;54.0;54.6;53.0;55.3;44.2;44.3;51.7;50.8;51.0;50.7;52.9;90;46
2023-01-12T14:10:20.674494;50.25;52.125;51.25;43.7500;34.5000;19.5937;3.5914;68.2088;44.0;2700.8185000000003;10.7;36.85;46.0;46.3;54.0;54.6;53.0;55.3;44.2;44.3;51.7;50.8;51.0;50.7;52.9;168;18
2023-01-12T14:10:21.980796;50.25;52.125;50.25;43.7500;34.5000;19.6725;3.075;60.6097;47.0;2869.968875;11.1;36.85;46.0;46.3;54.3;54.3;52.9;55.4;44.2;44.3;51.7;50.7;51.0;50.8;52.8;36;9
2023-01-12T14:10:23.290528;50.25;52.125;51.25;43.7500;34.5000;19.665;3.1946;61.571;44.0;2575.8925;11.3;36.85;46.0;46.3;54.1;54.5;53.0;55.3;44.3;44.3;51.6;50.8;50.8;50.8;52.9;199;25
2023-01-12T14:10:24.588712;50.125;52.25;51.25;43.7500;34.5000;19.6087;3.3747;67.0491;56.0;2690.40225;11.3;36.85;46.0;46.3;54.1;54.5;53.0;55.3;44.3;44.3;51.6;50.8;50.8;50.8;52.9;47;16
2023-01-12T14:10:25.889020;50.25;52.25;51.875;43.7500;34.5000;19.6275;3.4485;61.7084;55.0;2962.216375;11.8;36.85;46.0;46.2;54.2;54.4;52.9;55.3;44.3;44.3;51.7;50.7;50.8;50.8;52.9;90;46
2023-01-12T14:10:27.192935;50.25;52.125;51.25;43.7500;34.5000;19.6324;3.1177;70.4062;45.0;2655.1971249999997;10.5;36.85;46.0;46.3;54.1;54.6;52.9;55.4;44.3;44.3;51.7;50.8;51.0;50.7;53.0;108;13
2023-01-12T14:10:28.491086;50.25;52.25;51.125;43.7500;34.5000;19.6487;3.0585;59.7552;44.0;2668.198125;10.3;36.85;46.0;46.3;54.1;54.6;52.9;55.4;44.3;44.3;51.7;50.8;51.0;50.7;53.0;348;44
2023-01-12T14:10:29.786063;50.125;52.25;51.125;43.7500;34.5000;19.6625;3.1745;63.7989;45.0;2497.0645;11.0;36.85;46.0;46.3;54.0;54.7;52.9;55.4;44.3;44.3;51.6;50.9;50.9;50.8;52.8;41;20
2023-01-12T14:10:31.080705;50.25;52.25;51.25;43.7500;34.5000;19.6162;3.3808;65.157;60.0;2684.9155;11.3;36.85;46.0;46.3;54.0;54.6;52.9;55.3;44.3;44.3;51.7;50.9;51.1;50.8;52.8;143;49
2023-01-12T14:10:32.389673;50.125;52.125;51.25;43.7500;34.5000;19.6187;3.473;66.2099;47.0;2645.89;10.7;36.85;46.0;46.3;54.0;54.6;52.9;55.3;44.3;44.3;51.7;50.9;51.1;50.8;52.8;224;50
2023-01-12T14:10:33.698027;50.25;52.0;51.25;43.7500;34.5000;19.6737;3.1104;60.8081;45.0;2842.902375;11.1;36.85;46.0;46.2;54.1;54.5;52.9;55.3;44.3;44.3;51.7;50.8;51.0;50.8;52.7;28;11
2023-01-12T14:10:35.006101;50.125;52.0;51.25;43.7500;34.5000;19.6237;3.097;62.7002;44.0;2719.35275;11.1;36.85;46.0;46.2;54.1;54.5;52.9;55.3;44.3;44.3;51.7;50.8;51.0;50.8;52.7;324;39
2023-01-12T14:10:36.319493;50.125;52.125;51.25;43.7500;34.5000;19.5962;3.3716;66.6524;45.0;2929.149375;11.9;36.85;46.0;46.3;54.1;54.5;53.0;55.3;44.3;44.3;51.6;50.8;50.9;50.8;52.9;346;6
2023-01-12T14:10:37.634240;50.25;52.0;51.25;43.7500;34.5000;19.6087;3.5694;70.0094;51.0;2912.986875;11.2;36.85;46.0;46.3;54.1;54.3;52.9;55.3;44.3;44.3;51.7;50.8;50.9;50.9;52.9;212;46
2023-01-12T14:10:38.941199;50.25;52.125;51.25;43.7500;34.5000;19.6412;3.357;68.575;57.0;2763.32475;11.5;36.85;46.0;46.3;54.1;54.3;52.9;55.3;44.3;44.3;51.7;50.8;50.9;50.9;52.9;37;0
2023-01-12T14:10:40.238888;50.125;52.25;51.25;43.7500;34.5000;19.6574;3.0921;66.2099;44.0;2749.289625;10.7;36.85;46.0;46.3;54.1;54.6;53.1;55.3;44.3;44.3;51.7;50.7;50.9;50.8;52.9;288;26
2023-01-12T14:10:41.541670;50.125;52.125;51.25;44.0000;34.5000;19.6687;3.1116;63.8294;44.0;2720.7045;10.9;36.85;46.0;46.3;54.1;54.5;52.9;55.4;44.3;44.3;51.6;50.7;51.1;50.8;52.9;13;10
2023-01-12T14:10:42.854810;50.125;52.0;51.25;44.0000;34.5000;19.6237;3.3436;65.9352;50.0;2630.90975;11.5;36.85;46.0;46.3;54.1;54.5;52.9;55.4;44.3;44.3;51.6;50.7;51.1;50.8;52.9;117;9
2023-01-12T14:10:44.156515;50.25;52.25;51.125;44.0000;34.5000;19.5987;3.4125;66.6524;47.0;2738.22675;11.2;36.85;46.0;46.3;54.2;54.3;53.0;55.4;44.3;44.3;51.7;50.8;51.1;50.8;52.9;61;44
2023-01-12T14:10:45.476612;50.25;52.125;51.25;44.0000;34.5000;19.655;3.0896;66.8965;44.0;2680.007375;11.5;36.85;46.0;46.3;53.9;54.5;53.1;55.4;44.3;44.3;51.6;50.8;50.9;50.8;52.9;38;2
2023-01-12T14:10:46.775869;50.125;52.0;51.25;44.0000;34.5000;19.6687;3.2264;69.3838;45.0;2634.905625;10.9;36.85;46.0;46.3;53.9;54.5;53.1;55.3;44.3;44.3;51.6;50.8;50.9;50.8;52.9;240;1
2023-01-12T14:10:48.069390;50.125;52.125;51.125;44.0000;34.5000;19.625;3.5419;66.927;51.0;2553.5834999999997;11.4;36.85;46.0;46.3;54.1;54.6;53.0;55.4;44.3;44.4;51.7;50.8;50.8;50.9;52.9;317;40
2023-01-12T14:10:49.372931;50.25;52.25;51.25;44.0000;34.5000;19.635;3.2905;64.3024;49.0;2713.273125;11.0;36.85;46.0;46.3;54.1;54.6;53.0;55.4;44.3;44.4;51.7;50.8;50.8;50.9;52.9;308;43
2023-01-12T14:10:50.688212;50.25;52.125;51.25;44.0000;34.5000;19.655;3.3808;68.4225;44.0;2664.618375;11.0;36.85;46.0;46.3;54.1;54.6;53.0;55.3;44.3;44.3;51.6;50.8;50.9;50.8;52.9;351;6
2023-01-12T14:10:51.991282;50.25;52.25;51.875;44.0000;34.5000;19.6437;3.1269;64.5313;44.0;2526.6643750000003;10.7;36.85;46.0;46.3;54.0;54.4;53.0;55.4;44.3;44.4;51.7;50.8;50.8;50.8;52.9;157;21
2023-01-12T14:10:53.285357;50.25;52.125;51.25;44.0000;34.5000;19.625;3.4028;64.6839;50.0;2529.66875;10.8;36.85;46.0;46.3;54.0;54.4;53.0;55.4;44.3;44.4;51.7;50.8;50.8;50.8;52.9;294;17
2023-01-12T14:10:54.594339;50.25;52.125;51.25;44.0000;34.5000;19.625;3.3832;63.4785;46.0;2710.431875;11.6;36.85;46.0;46.3;54.1;54.5;52.9;55.3;44.3;44.4;51.7;50.9;50.9;50.8;52.9;92;13
2023-01-12T14:10:55.903345;50.125;52.125;51.25;44.0000;34.5000;19.645;3.0097;58.9312;45.0;2679.99175;11.4;36.85;46.0;46.3;54.1;54.5;53.0;55.4;44.4;44.4;51.6;50.7;51.0;50.8;52.9;353;21
2023-01-12T14:10:57.214335;50.25;52.125;51.125;44.0000;34.5000;19.6499;3.2514;68.453;44.0;2594.71175;11.0;36.85;46.0;46.3;54.1;54.5;53.0;55.4;44.4;44.4;51.6;50.7;51.0;50.8;52.9;234;46
2023-01-12T14:10:58.520438;50.25;52.125;51.25;44.0000;34.5000;19.6412;3.086;64.0278;45.0;2836.27775;11.0;36.85;46.0;46.2;54.1;54.6;52.9;55.5;44.3;44.4;51.7;50.7;51.1;50.8;52.9;348;34
2023-01-12T14:10:59.823295;50.125;52.25;51.25;44.0000;34.5000;19.61;3.2526;64.5771;57.0;2513.72725;11.4;36.85;46.0;46.2;54.1;54.6;52.9;55.5;44.3;44.4;51.8;50.8;51.0;50.9;52.9;71;11
2023-01-12T14:11:01.123730;50.125;52.25;51.25;44.0000;34.5000;19.5912;3.5621;67.9342;59.0;2766.3218749999996;11.3;36.85;46.0;46.3;54.0;54.5;52.9;55.4;44.3;44.4;51.8;50.8;51.0;50.9;52.9;37;23
2023-01-12T14:11:02.430010;50.125;52.125;51.125;44.0000;34.5000;19.6049;3.5016;65.157;44.0;2490.657;10.7;36.85;46.0;46.3;54.1;54.5;52.9;55.4;44.4;44.4;51.7;50.7;51.1;50.9;52.9;332;6
2023-01-12T14:11:03.740031;50.25;52.125;51.375;44.0000;34.5000;19.6424;3.3631;64.6076;44.0;2554.686375;10.5;36.85;46.0;46.3;54.1;54.5;52.9;55.4;44.4;44.4;51.7;50.7;51.1;50.9;52.9;112;15
2023-01-12T14:11:05.041970;50.25;52.125;51.25;44.0000;34.5000;19.6275;3.2868;58.8702;45.0;2527.3801249999997;10.6;36.85;46.0;46.3;54.1;54.6;52.9;55.4;44.4;44.4;51.7;50.7;51.1;50.8;52.9;357;18
2023-01-12T14:11:06.335606;50.25;52.25;51.125;44.0000;35.0000;19.6337;3.5065;59.6026;50.0;2394.3561250000002;10.7;36.85;46.0;46.3;54.2;54.6;53.0;55.4;44.4;44.4;51.8;50.9;50.9;50.8;52.9;331;5
2023-01-12T14:11:07.632939;50.25;52.125;51.25;44.0000;34.5000;19.5987;3.3448;65.6605;56.0;2727.391375;10.8;36.85;46.0;46.3;54.2;54.6;53.0;55.4;44.4;44.4;51.8;50.9;50.9;50.8;52.9;162;29
2023-01-12T14:11:08.941861;50.25;52.125;51.25;44.0000;35.0000;19.5874;3.3869;70.9097;54.0;2739.779375;10.8;36.85;46.0;46.3;54.0;54.7;53.0;55.4;44.4;44.4;51.7;50.8;50.9;50.8;52.9;265;12
2023-01-12T14:11:10.237934;50.25;52.25;51.375;44.0000;35.0000;19.6275;3.4376;61.8305;43.0;2776.84125;10.9;36.85;46.0;46.3;54.1;54.5;52.9;55.4;44.4;44.4;51.6;50.7;51.0;50.9;52.9;72;1
2023-01-12T14:11:11.555328;50.25;52.0;51.125;44.0000;35.0000;19.68;3.1128;60.8539;45.0;2785.278375;11.0;36.85;46.0;46.3;54.1;54.5;52.9;55.4;44.4;44.4;51.6;50.7;51.0;50.9;52.9;180;30
2023-01-12T14:11:12.853807;50.25;52.25;51.25;44.0000;35.0000;19.6087;3.3387;63.982;48.0;2831.4674999999997;11.1;36.85;46.0;46.3;54.1;54.6;53.0;55.5;44.4;44.4;51.7;50.7;51.0;50.8;52.9;207;2
2023-01-12T14:11:14.163681;50.125;52.125;51.0;44.0000;35.0000;19.6025;3.4351;65.4774;57.0;3072.003375;11.1;36.85;46.0;46.3;54.1;54.6;53.0;55.5;44.4;44.4;51.7;50.7;51.0;50.8;52.9;170;21
2023-01-12T14:11:15.471240;50.25;52.25;51.25;44.2500;35.0000;19.6087;3.4125;68.1478;44.0;2699.624375;10.8;36.85;46.0;46.3;54.1;54.6;52.9;55.4;44.4;44.4;51.7;50.7;50.9;50.8;52.9;303;0
2023-01-12T14:11:16.785567;50.25;52.25;51.25;44.0000;35.0000;19.6674;3.2746;65.9047;43.0;2673.632625;10.7;36.85;46.0;46.3;54.0;54.4;52.9;55.3;44.4;44.4;51.7;50.8;51.0;50.8;52.9;159;25
2023-01-12T14:11:18.074639;50.125;52.125;51.25;44.2500;35.0000;19.5962;3.6371;69.1854;51.0;3020.536125;11.1;36.85;46.0;46.3;54.0;54.4;52.9;55.3;44.4;44.4;51.7;50.8;51.0;50.8;52.9;300;33
2023-01-12T14:11:19.375220;50.25;52.25;51.25;44.2500;35.0000;19.5912;3.5493;68.6056;50.0;2798.0126250000003;10.7;36.85;46.0;46.3;54.2;54.6;53.0;55.4;44.4;44.4;51.7;50.8;50.8;50.8;52.9;214;5
2023-01-12T14:11:20.683685;50.25;52.25;51.25;44.2500;35.0000;19.5825;3.6024;60.9454;44.0;2811.46;10.9;37.85;46.0;46.3;54.1;54.5;53.0;55.4;44.4;44.4;51.8;50.7;51.0;50.8;52.9;242;14
2023-01-12T14:11:21.973101;50.25;52.125;51.25;44.2500;35.0000;19.5625;3.6237;69.1091;51.0;2572.0907500000003;11.1;37.85;46.0;46.3;54.1;54.5;53.0;55.4;44.4;44.4;51.8;50.7;51.0;50.8;52.9;201;38
2023-01-12T14:11:23.286561;50.25;52.25;51.25;44.2500;35.0000;19.6187;3.3027;65.5232;56.0;2692.2850000000003;11.2;37.85;46.0;46.3;54.1;54.5;53.1;55.3;44.4;44.4;51.7;50.8;51.0;50.9;52.8;28;48
2023-01-12T14:11:24.595398;50.25;52.25;51.875;44.2500;35.0000;19.5762;3.6915;66.3472;44.0;2676.99575;10.8;37.85;46.0;46.3;54.2;54.5;53.0;55.4;44.5;44.5;51.6;50.7;51.1;50.8;53.0;82;1
2023-01-12T14:11:25.893727;50.25;52.25;51.25;44.2500;35.0000;19.645;3.125;67.3543;45.0;2366.7221250000002;10.7;37.85;46.0;46.3;54.2;54.5;53.0;55.4;44.5;44.5;51.6;50.7;51.1;50.8;53.0;172;17
2023-01-12T14:11:27.187301;50.25;52.0;51.25;44.2500;35.0000;19.6412;3.2142;62.685;55.0;2722.644625;11.1;37.85;46.0;46.3;54.1;54.5;52.9;55.3;44.4;44.5;51.7;50.9;50.9;50.8;52.9;283;30
2023-01-12T14:11:28.490305;50.25;52.25;51.25;44.2500;35.0000;19.6012;3.4363;70.5587;49.0;2685.2533750000002;11.6;37.85;46.0;46.3;54.1;54.5;52.9;55.3;44.4;44.5;51.7;50.9;50.9;50.8;52.9;168;1
2023-01-12T14:11:29.810880;50.25;52.25;51.375;44.2500;35.0000;19.6075;3.5657;64.7602;44.0;2845.8345;11.4;37.85;46.0;46.3;54.3;54.5;53.0;55.4;44.5;44.5;51.7;50.8;51.0;50.8;52.9;97;15
2023-01-12T14:11:31.112451;50.375;52.125;51.125;44.2500;35.0000;19.6462;3.5212;58.5039;44.0;2640.1772499999997;10.8;37.85;46.0;46.3;54.1;54.6;52.9;55.4;44.5;44.5;51.7;50.9;51.0;50.8;52.9;110;11
2023-01-12T14:11:32.403332;50.25;52.25;51.125;44.2500;35.0000;19.5787;3.5596;66.2556;50.0;2545.25975;10.6;37.85;46.0;46.3;54.1;54.6;52.9;55.4;44.5;44.5;51.7;50.9;51.0;50.8;52.9;101;38
2023-01-12T14:11:33.711307;50.25;52.25;51.25;44.2500;35.0000;19.6512;3.2807;62.746;48.0;2664.13225;11.6;37.85;46.0;46.3;54.1;54.6;53.0;55.4;44.4;44.5;51.6;50.8;51.1;50.8;52.9;233;23
2023-01-12T14:11:35.028827;50.25;52.25;51.125;44.2500;35.0000;19.5974;3.3857;66.927;48.0;2704.8248750000002;11.4;37.85;46.0;46.2;54.0;54.7;53.0;55.5;44.5;44.5;51.7;50.9;50.8;50.7;52.9;216;8
2023-01-12T14:11:36.340995;50.125;52.125;51.25;44.2500;35.0000;19.6625;3.3704;59.7552;44.0;2629.4293749999997;11.2;37.85;46.0;46.2;54.0;54.7;53.0;55.5;44.5;44.5;51.7;50.9;50.8;50.7;52.9;122;49
2023-01-12T14:11:37.649795;50.125;52.125;51.25;44.2500;35.0000;19.6474;3.183;66.3777;45.0;2627.88825;10.4;37.85;46.0;46.3;54.0;54.7;52.9;55.4;44.5;44.5;51.7;50.9;51.0;50.8;52.9;264;2
2023-01-12T14:11:38.942357;50.25;52.25;51.25;44.2500;35.0000;19.6162;3.0933;61.9525;57.0;2432.724625;10.9;37.85;46.0;46.3;54.1;54.5;53.1;55.4;44.5;44.5;51.8;50.8;50.9;50.9;52.9;349;29
2023-01-12T14:11:40.252558;50.125;52.0;51.25;44.2500;35.0000;19.6687;3.0787;61.4032;55.0;2705.628;10.8;37.85;46.0;46.3;54.1;54.5;53.1;55.4;44.5;44.5;51.8;50.8;50.9;50.9;52.9;24;0
2023-01-12T14:11:41.552509;50.25;52.125;50.25;44.2500;35.0000;19.6949;2.8638;58.8244;45.0;2771.157125;11.5;37.85;46.0;46.3;54.1;54.6;52.9;55.4;44.5;44.5;51.7;50.9;51.0;50.9;52.9;255;21
2023-01-12T14:11:42.849637;50.25;52.125;51.25;44.2500;35.0000;19.59;3.2624;64.1804;45.0;2623.867375;11.1;37.85;46.0;46.3;54.1;54.6;52.9;55.4;44.5;44.5;51.7;50.9;51.0;50.9;52.9;335;10
2023-01-12T14:11:44.159227;50.25;52.0;51.0;44.2500;35.0000;19.5825;3.3063;69.8721;45.0;2691.8627500000002;11.1;37.85;46.0;46.3;54.2;54.4;53.0;55.4;44.5;44.5;51.7;50.7;51.1;50.9;53.0;48;29
2023-01-12T14:11:45.461383;50.125;52.25;51.25;44.5000;35.0000;19.6324;3.2471;63.4479;55.0;2805.42275;11.6;37.85;46.0;46.3;54.1;54.5;53.1;55.4;44.5;44.5;51.7;50.9;51.1;50.9;53.0;166;8
2023-01-12T14:11:46.769022;50.125;52.125;51.375;44.5000;35.0000;19.665;3.4199;66.454;52.0;2760.0141249999997;11.4;37.85;46.0;46.3;54.1;54.5;53.1;55.4;44.5;44.5;51.7;50.9;51.1;50.9;53.0;300;27
2023-01-12T14:11:48.079202;50.25;52.125;51.25;44.2500;35.0000;19.6462;3.2459;68.3767;44.0;2735.1665;10.8;37.85;46.0;46.3;54.1;54.5;53.0;55.3;44.5;44.5;51.7;50.9;51.1;50.8;53.0;27;41
2023-01-12T14:11:49.382283;50.25;52.25;51.375;44.5000;35.0000;19.6387;3.4473;60.1062;46.0;2599.46525;10.3;37.85;46.0;46.3;54.2;54.4;53.0;55.4;44.5;44.5;51.7;51.0;50.9;50.9;52.9;197;25
2023-01-12T14:11:50.672506;50.25;52.25;51.125;44.5000;35.0000;19.6124;3.2648;65.6605;59.0;2712.2553749999997;11.0;37.85;46.0;46.3;54.2;54.4;53.0;55.4;44.5;44.5;51.7;51.0;50.9;50.9;52.9;162;10
2023-01-12T14:11:51.968900;50.125;52.25;51.375;44.5000;35.0000;19.6337;3.4138;69.2007;51.0;2664.00825;11.0;37.85;46.0;46.3;54.1;54.7;53.1;55.3;44.5;44.5;51.7;50.8;50.9;50.9;52.9;113;41
2023-01-12T14:11:53.282854;50.25;52.25;51.125;44.5000;35.0000;19.6525;3.0799;63.3259;45.0;2708.341375;10.9;37.85;46.0;46.3;54.1;54.7;53.1;55.3;44.5;44.5;51.7;50.7;51.0;50.8;52.9;228;25
2023-01-12T14:11:54.584570;50.125;52.25;51.25;44.5000;35.0000;19.6625;3.2526;65.4469;47.0;2632.328;11.0;37.85;46.0;46.3;54.1;54.6;52.9;55.4;44.5;44.5;51.7;50.7;51.0;50.8;52.9;196;32
2023-01-12T14:11:55.875872;50.25;52.25;51.25;44.5000;35.0000;19.5925;3.4351;68.8039;45.0;2820.462;11.3;37.85;46.0;46.3;54.1;54.5;53.1;55.3;44.5;44.5;51.7;50.9;50.8;50.9;52.9;140;20
2023-01-12T14:11:57.193493;50.25;52.125;51.125;44.5000;35.0000;19.5825;3.357;65.2333;61.0;2842.291;10.7;37.85;46.0;46.3;54.1;54.5;53.1;55.3;44.5;44.5;51.7;50.9;50.8;50.9;52.9;167;11
2023-01-12T14:11:58.495781;50.125;52.25;51.125;44.5000;35.0000;19.5812;3.4852;65.0959;58.0;2803.51775;10.1;37.85;46.0;46.3;54.3;54.5;53.0;55.3;44.5;44.6;51.7;50.7;51.1;50.8;53.0;246;20
2023-01-12T14:11:59.784571;50.25;52.25;51.25;44.5000;35.0000;19.6049;3.299;70.574;45.0;2748.0658750000002;10.3;37.85;46.0;46.3;54.0;54.7;52.9;55.4;44.5;44.6;51.7;50.9;51.0;50.8;52.9;28;20
2023-01-12T14:12:01.078214;50.25;52.25;51.25;44.5000;35.0000;19.6312;3.3063;59.9993;44.0;2784.913;10.4;37.85;46.0;46.3;54.0;54.7;52.9;55.4;44.5;44.6;51.7;50.9;51.0;50.8;52.9;227;0
2023-01-12T14:12:02.378905;50.125;52.125;51.25;44.5000;35.0000;19.6037;3.415;67.629;52.0;2645.100375;10.9;37.85;46.0;46.3;54.0;54.6;53.0;55.4;44.5;44.6;51.8;50.9;50.8;50.9;53.1;182;28
2023-01-12T14:12:03.679719;50.25;52.25;51.25;44.5000;35.0000;19.6312;3.2587;67.2017;58.0;2829.0135;11.1;37.85;46.0;46.3;54.2;54.6;52.9;55.4;44.6;44.6;51.8;50.8;51.2;51.0;53.1;29;17
2023-01-12T14:12:04.981638;50.125;52.25;51.25;44.5000;35.0000;19.5837;3.335;70.5282;55.0;2701.2463749999997;10.5;37.85;46.0;46.3;54.2;54.6;52.9;55.4;44.6;44.6;51.8;50.8;51.2;51.0;53.1;154;32
2023-01-12T14:12:06.287409;50.25;52.25;51.25;44.5000;35.0000;19.635;3.0085;66.927;43.0;2738.0801250000004;10.5;37.85;46.0;46.2;54.3;54.4;52.9;55.3;44.6;44.6;51.7;50.9;50.9;50.8;53.0;186;41
2023-01-12T14:12:07.591108;50.25;52.25;51.25;44.5000;35.0000;19.5987;3.2459;70.2993;50.0;2784.4235;10.9;37.85;46.0;46.2;54.3;54.4;52.9;55.3;44.6;44.6;51.7;50.9;50.9;50.8;53.0;99;15
2023-01-12T14:12:08.895215;50.25;52.25;51.25;44.5000;35.0000;19.6075;3.1922;66.4235;50.0;2914.216375;10.8;37.85;46.0;46.3;54.2;54.4;52.9;55.4;44.6;44.6;51.7;50.9;50.9;50.8;52.9;185;8
2023-01-12T14:12:10.199080;50.25;52.125;51.375;44.5000;35.0000;19.68;3.006;66.4998;45.0;2822.923875;10.9;37.85;46.0;46.3;54.2;54.6;53.0;55.4;44.6;44.6;51.7;50.9;51.0;50.9;53.0;126;19
2023-01-12T14:12:11.497120;50.125;52.125;51.25;44.5000;35.0000;19.6462;3.1818;59.9078;45.0;2980.1533750000003;11.0;37.85;46.0;46.3;54.2;54.6;53.0;55.4;44.6;44.6;51.7;50.9;51.0;50.9;53.0;243;42
2023-01-12T14:12:12.790605;50.25;52.125;51.25;44.5000;35.0000;19.6299;3.5493;63.2496;47.0;2654.0188749999998;10.8;37.85;46.0;46.2;54.1;54.4;52.9;55.4;44.6;44.6;51.7;50.8;51.2;51.0;52.9;230;8
2023-01-12T14:12:14.087067;50.125;52.25;50.25;44.5000;35.0000;19.61;3.5212;66.6982;58.0;2598.5546249999998;11.5;37.85;46.0;46.3;54.0;54.5;53.0;55.4;44.6;44.6;51.7;50.8;51.0;50.9;52.9;130;7
2023-01-12T14:12:15.402302;50.125;52.25;51.125;44.5000;35.0000;19.6037;3.4925;66.8507;53.0;2689.129;10.8;37.85;46.0;46.3;54.0;54.5;53.0;55.4;44.6;44.6;51.7;50.8;51.0;50.9;52.9;136;0
2023-01-12T14:12:16.705173;50.125;52.125;51.375;44.5000;35.0000;19.6587;3.0945;73.931;46.0;2851.29175;11.1;37.85;46.0;46.3;54.1;54.4;53.0;55.3;44.6;44.6;51.8;50.9;50.9;51.0;53.0;252;2
2023-01-12T14:12:18.007312;50.25;52.125;51.25;44.5000;35.0000;19.6424;3.1983;63.7531;47.0;2581.3968750000004;11.1;37.85;46.0;46.3;54.2;54.5;52.9;55.3;44.6;44.6;51.7;50.8;50.9;50.9;53.1;353;5
2023-01-12T14:12:19.301730;50.125;52.125;51.25;44.5000;35.0000;19.6224;3.3747;61.0827;54.0;2535.6526249999997;10.9;37.85;46.0;46.2;54.2;54.5;52.9;55.4;44.6;44.6;51.7;50.8;50.9;50.9;53.1;142;49
2023-01-12T14:12:20.603086;50.25;52.125;51.125;44.5000;35.0000;19.6075;3.3558;63.3259;56.0;2693.881375;10.8;37.85;46.0;46.3;54.1;54.5;53.0;55.3;44.6;44.6;51.8;50.7;51.0;50.9;52.9;213;16
2023-01-12T14:12:21.915116;50.125;52.25;51.25;44.5000;35.0000;19.5987;3.5645;65.2485;57.0;2706.5295;10.4;37.85;46.0;46.3;54.1;54.5;53.0;55.3;44.6;44.6;51.8;50.7;51.0;50.9;52.9;99;15
2023-01-12T14:12:23.235156;50.125;52.25;51.25;44.5000;35.0000;19.6399;3.1525;60.3045;46.0;2537.080875;10.4;37.85;46.0;46.3;54.2;54.4;52.9;55.4;44.6;44.6;51.8;50.8;51.1;50.9;53.1;326;26
2023-01-12T14:12:24.543344;50.25;52.25;51.25;44.5000;35.0000;19.645;3.3655;65.3096;44.0;2805.1762499999995;11.3;37.85;46.0;46.3;54.1;54.6;53.0;55.4;44.6;44.6;51.7;50.7;51.2;51.0;53.1;157;0
2023-01-12T14:12:25.839545;50.125;52.25;51.25;44.7500;35.0000;19.6412;3.2166;65.2333;49.0;2711.529875;11.1;38.85;46.0;46.3;54.1;54.6;53.0;55.4;44.6;44.6;51.7;50.7;51.2;51.0;53.1;247;1
2023-01-12T14:12:27.157278;50.125;52.25;51.125;44.7500;35.0000;19.6012;3.3942;63.982;58.0;2693.23275;10.9;38.85;46.0;46.2;54.1;54.6;53.0;55.2;44.6;44.6;51.7;50.8;51.0;50.9;53.0;138;34
2023-01-12T14:12:28.476835;50.125;52.25;51.25;44.7500;35.0000;19.665;3.017;67.9036;45.0;2660.43875;10.8;38.85;46.0;46.3;54.1;54.5;53.0;55.3;44.6;44.6;51.7;50.8;51.0;50.9;53.0;244;7
2023-01-12T14:12:29.772151;50.125;52.125;51.125;44.7500;35.0000;19.6375;3.3216;68.3004;44.0;2526.033625;11.9;38.85;46.0;46.3;54.1;54.5;53.0;55.3;44.6;44.6;51.7;50.8;51.0;50.9;53.0;310;22
2023-01-12T14:12:31.066998;50.25;52.25;51.0;44.7500;35.0000;19.6137;3.3979;65.0959;50.0;2720.5162499999997;11.1;38.85;46.0;46.3;54.2;54.6;53.0;55.4;44.6;44.6;51.7;50.8;50.9;50.9;52.9;98;38
2023-01-12T14:12:32.378468;50.25;52.0;51.25;44.7500;35.0000;19.6187;3.31;65.7521;45.0;2660.6203750000004;11.2;38.85;46.0;46.3;54.2;54.4;53.0;55.4;44.6;44.6;51.7;50.9;50.9;50.9;52.9;87;27
2023-01-12T14:12:33.682680;50.25;52.0;51.25;44.7500;35.0000;19.6424;3.0762;65.6758;47.0;2632.924;11.2;38.85;46.0;46.3;54.2;54.4;53.0;55.3;44.6;44.6;51.7;50.9;50.9;50.9;52.9;42;9
2023-01-12T14:12:34.980545;50.25;52.125;51.125;44.7500;35.0000;19.5987;3.4064;65.0044;50.0;2648.2690000000002;11.0;38.85;46.0;46.3;54.0;54.7;53.0;55.4;44.6;44.6;51.7;50.9;50.9;50.9;53.0;74;16
2023-01-12T14:12:36.287323;50.25;52.125;51.25;44.7500;35.0000;19.665;3.241;70.4977;48.0;2750.773875;10.9;38.85;46.0;46.3;54.0;54.7;53.0;55.4;44.6;44.6;51.7;50.9;50.9;50.9;53.0;331;42
2023-01-12T14:12:37.602418;50.25;52.125;51.25;44.7500;35.0000;19.6187;3.4308;60.0604;44.0;2571.6622500000003;11.5;38.85;46.0;46.3;54.1;54.6;53.0;55.3;44.6;44.6;51.7;50.9;51.0;50.9;53.0;273;19
2023-01-12T14:12:38.915267;50.25;52.125;51.25;44.7500;35.0000;19.6462;3.1598;60.1062;47.0;2795.50725;11.6;38.85;46.0;46.3;54.2;54.5;53.0;55.4;44.6;44.6;51.8;50.9;51.2;50.9;53.0;343;21
2023-01-12T14:12:40.223265;50.25;52.125;51.125;44.7500;35.0000;19.6324;3.2746;65.981;48.0;3047.802;11.3;38.85;46.0;46.3;54.2;54.5;53.0;55.4;44.6;44.6;51.8;50.9;51.2;50.9;53.0;30;8
2023-01-12T14:12:41.526393;50.25;52.25;51.25;44.7500;35.0000;19.6124;3.2721;58.2293;44.0;3003.6915;11.3;38.85;46.0;46.3;54.2;54.3;53.0;55.3;44.6;44.6;51.7;50.8;50.9;50.9;53.0;47;26
2023-01-12T14:12:42.844291;50.125;52.125;51.25;44.7500;35.0000;19.6637;3.0317;64.1041;45.0;2649.056375;11.1;38.85;46.0;46.3;54.2;54.6;53.0;55.4;44.6;44.6;51.7;50.9;51.1;50.8;53.0;46;50
2023-01-12T14:12:44.139037;50.25;52.25;51.125;44.7500;35.0000;19.6149;3.5419;63.3259;50.0;2609.2315;11.2;38.85;46.0;46.3;54.2;54.6;53.0;55.4;44.6;44.6;51.7;50.9;51.1;50.8;53.0;18;31
2023-01-12T14:12:45.439313;50.25;52.125;51.25;44.7500;35.0000;19.6399;3.6249;66.9576;49.0;2714.737;11.1;38.85;46.0;46.3;53.9;54.7;53.0;55.4;44.6;44.6;51.7;50.9;51.1;50.9;53.1;313;25
2023-01-12T14:12:46.742005;50.25;52.25;51.25;44.7500;35.0000;19.7062;2.8394;58.3971;46.0;2723.4068749999997;10.6;38.85;46.0;46.3;53.9;54.7;53.0;55.4;44.6;44.6;51.7;50.8;51.1;51.0;53.0;35;33
2023-01-12T14:12:48.053065;50.375;52.125;51.125;44.7500;35.0000;19.67;3.5297;65.7979;46.0;2695.9982499999996;10.7;38.85;46.0;46.3;54.1;54.7;52.9;55.3;44.6;44.6;51.7;50.8;51.1;51.0;53.0;37;15
2023-01-12T14:12:49.342680;50.125;52.125;51.0;44.7500;35.0000;19.6599;3.1415;69.2007;46.0;2757.279125;11.2;38.85;46.0;46.3;54.1;54.6;52.9;55.5;44.6;44.7;51.8;50.8;51.0;50.9;53.0;64;13
2023-01-12T14:12:50.653038;50.25;52.125;51.25;44.7500;35.0000;19.6224;3.0835;67.1559;48.0;2770.539875;11.4;38.85;46.0;46.3;54.1;54.6;52.9;55.5;44.6;44.7;51.8;50.8;51.0;50.9;53.0;359;3
2023-01-12T14:12:51.944657;50.125;52.125;51.875;44.7500;35.0000;19.6825;2.9749;61.6016;46.0;2656.197125;11.5;38.85;46.0;46.2;54.2;54.4;53.0;55.4;44.7;44.7;51.7;50.9;51.0;50.9;52.9;164;22
2023-01-12T14:12:53.255160;50.25;52.125;51.375;44.7500;35.0000;19.6525;3.3002;60.0756;46.0;2778.31025;10.5;38.85;46.0;46.3;54.1;54.5;53.0;55.4;44.6;44.7;51.8;50.9;51.1;51.0;53.1;95;43
2023-01-12T14:12:54.552417;50.375;52.25;51.875;44.7500;35.0000;19.6625;3.0811;65.279;44.0;2438.7156250000003;10.8;38.85;46.0;46.3;54.1;54.5;53.0;55.4;44.6;44.7;51.8;50.9;51.1;51.0;53.1;27;3
2023-01-12T14:12:55.850478;50.25;52.25;51.25;44.7500;35.0000;19.6075;3.4089;60.747;59.0;2446.4332499999996;10.9;38.85;46.0;46.3;54.1;54.4;52.9;55.4;44.7;44.7;51.7;50.9;51.0;51.0;53.1;10;9
2023-01-12T14:12:57.153956;50.25;52.125;51.25;44.7500;35.0000;19.6162;3.2868;68.7276;51.0;3138.42025;11.0;38.85;46.0;46.3;54.1;54.6;52.9;55.3;44.7;44.7;51.7;50.9;51.2;50.9;53.1;166;38
2023-01-12T14:12:58.471328;50.125;52.25;51.375;44.7500;35.0000;19.5825;3.5767;63.7836;44.0;2665.53925;10.7;38.85;46.0;46.3;54.1;54.6;52.9;55.3;44.7;44.7;51.7;50.9;51.2;50.9;53.1;93;19
2023-01-12T14:12:59.773697;50.25;52.125;51.375;44.7500;35.0000;19.6487;3.1116;65.279;45.0;2517.85025;11.1;38.85;46.0;46.3;54.1;54.5;52.9;55.5;44.7;44.7;51.7;50.8;51.1;50.9;53.0;23;25
2023-01-12T14:13:01.077341;50.125;52.25;51.125;44.7500;35.0000;19.6124;3.3118;66.3319;51.0;2522.31475;11.1;38.85;46.0;46.3;54.1;54.5;52.9;55.5;44.7;44.7;51.7;50.8;51.1;50.9;53.0;144;18
2023-01-12T14:13:02.382803;50.25;52.125;51.0;44.7500;35.0000;19.5987;3.3668;67.4459;54.0;2703.9113749999997;10.8;38.85;46.0;46.3;54.2;54.4;52.9;55.4;44.7;44.7;51.7;50.9;51.0;51.0;53.1;191;34
2023-01-12T14:13:03.698349;50.25;52.25;51.875;44.7500;35.0000;19.5512;3.4778;59.4347;45.0;2566.3954999999996;10.7;38.85;46.0;46.3;54.1;54.4;53.0;55.5;44.7;44.7;51.8;50.8;51.0;51.0;53.0;44;47
2023-01-12T14:13:04.999122;50.125;52.125;51.125;44.7500;35.0000;19.67;3.1781;67.4764;46.0;2562.491625;10.8;38.85;46.0;46.3;54.1;54.4;53.0;55.5;44.7;44.7;51.8;50.8;51.0;51.0;53.0;293;36
2023-01-12T14:13:06.298111;50.25;52.25;51.125;44.7500;35.0000;19.635;3.5175;67.7816;51.0;2538.803875;11.2;38.85;46.0;46.3;54.2;54.5;52.9;55.3;44.7;44.7;51.8;51.0;51.0;51.0;53.0;218;41
2023-01-12T14:13:07.616307;50.25;52.25;51.25;44.7500;35.0000;19.6062;3.3063;68.0562;49.0;2692.977375;11.6;38.85;46.0;46.3;54.2;54.4;52.9;55.3;44.7;44.7;51.7;50.8;51.1;51.0;53.0;78;1
2023-01-12T14:13:08.930366;50.125;52.25;51.125;44.7500;35.0000;19.7162;2.8736;62.5019;50.0;2783.667875;11.0;38.85;46.0;46.3;54.2;54.4;52.9;55.3;44.7;44.7;51.7;50.8;51.1;51.0;53.0;286;8
2023-01-12T14:13:10.240470;50.125;52.125;51.375;45.0000;35.0000;19.6124;3.3326;65.279;45.0;2632.06675;11.0;38.85;46.0;46.3;54.2;54.5;53.0;55.4;44.7;44.7;51.7;50.9;51.0;50.9;53.1;169;41
2023-01-12T14:13:11.535355;50.125;52.25;51.25;45.0000;35.5000;19.5799;3.5657;67.1559;46.0;2617.72725;11.6;38.85;46.0;46.3;54.1;54.6;53.0;55.5;44.7;44.7;51.8;51.0;50.9;51.0;53.0;161;27
2023-01-12T14:13:12.837241;50.25;52.125;51.125;45.0000;35.5000;19.6087;3.3759;65.2485;49.0;2711.32575;11.5;38.85;46.0;46.3;54.1;54.6;53.0;55.5;44.7;44.7;51.8;51.0;50.9;51.0;53.0;32;33
2023-01-12T14:13:14.148864;50.25;52.25;51.25;45.0000;35.5000;19.6687;3.1141;60.747;44.0;2793.0258750000003;10.7;38.85;46.0;46.3;54.1;54.4;52.9;55.3;44.7;44.7;51.8;50.9;51.1;51.0;53.1;14;48
2023-01-12T14:13:15.445260;50.125;52.125;51.25;45.0000;35.5000;19.6224;3.5236;61.159;46.0;2557.9395;11.7;38.85;46.0;46.3;54.1;54.4;52.9;55.3;44.7;44.7;51.8;50.9;51.1;51.0;53.1;247;48
2023-01-12T14:13:16.747124;50.25;52.25;51.125;45.0000;35.5000;19.6;3.4607;63.0817;59.0;2763.6206250000005;10.8;38.85;46.0;46.3;54.1;54.3;52.9;55.5;44.7;44.7;51.8;50.8;51.0;51.0;53.1;144;24
2023-01-12T14:13:18.046261;50.25;52.25;51.125;45.0000;35.5000;19.6075;3.3771;70.0857;57.0;2750.5045;10.6;38.85;46.0;46.3;54.1;54.5;53.0;55.4;44.7;44.7;51.7;50.8;51.1;51.0;53.1;166;16
2023-01-12T14:13:19.348688;50.25;52.125;51.125;45.0000;35.5000;19.6487;3.2081;66.4845;44.0;2678.1667500000003;10.7;38.85;46.0;46.3;54.1;54.5;53.0;55.4;44.7;44.7;51.7;50.8;51.1;51.0;53.1;197;22
2023-01-12T14:13:20.651175;50.125;52.0;51.25;45.0000;35.5000;19.6262;3.426;62.2577;44.0;2757.673;11.3;38.85;46.0;46.3;54.0;54.6;53.1;55.5;44.7;44.7;51.7;51.0;51.0;50.9;53.0;146;15
2023-01-12T14:13:21.947145;50.25;52.25;51.125;45.0000;35.5000;19.6262;3.2551;61.8457;50.0;2708.94575;10.9;38.85;46.0;46.3;54.1;54.6;53.0;55.4;44.8;44.8;51.8;50.8;51.0;51.0;53.1;101;39
2023-01-12T14:13:23.253276;50.125;52.125;51.25;45.0000;35.5000;19.6037;3.5151;63.9057;45.0;2697.54625;11.3;38.85;46.0;46.3;54.1;54.6;53.0;55.4;44.8;44.8;51.8;50.8;51.0;51.0;53.1;271;46
2023-01-12T14:13:24.555214;50.25;52.25;51.125;45.0000;35.5000;19.6437;3.4089;68.0562;44.0;2583.543125;11.0;38.85;46.0;46.3;54.2;54.4;53.0;55.4;44.7;44.7;51.7;50.7;51.0;51.0;53.0;142;5
2023-01-12T14:13:25.846940;50.125;52.125;51.375;45.0000;35.5000;19.6149;3.3228;67.7053;59.0;2701.4021249999996;11.2;38.85;46.0;46.3;54.2;54.5;52.9;55.4;44.7;44.8;51.7;50.8;51.1;51.0;53.1;86;14
2023-01-12T14:13:27.155329;50.25;52.125;51.25;45.0000;35.5000;19.6574;3.4351;61.2811;59.0;2772.7192499999996;11.0;38.85;46.0;46.3;54.2;54.5;52.9;55.4;44.7;44.8;51.7;50.8;51.1;51.0;53.1;328;12
2023-01-12T14:13:28.471480;50.25;52.25;51.25;45.0000;35.5000;19.6725;3.2142;64.1346;47.0;2749.325625;11.2;38.85;46.0;46.3;54.1;54.5;53.1;55.4;44.7;44.8;51.7;50.8;50.9;50.9;53.1;75;37
2023-01-12T14:13:29.779165;50.25;52.25;51.25;45.0000;35.5000;19.6662;3.2868;66.9576;45.0;2668.2920000000004;10.7;38.85;46.0;46.3;54.1;54.5;53.1;55.4;44.7;44.8;51.7;50.8;50.9;50.9;53.1;163;11
2023-01-12T14:13:31.071144;50.25;52.125;51.375;45.0000;35.5000;19.6037;3.3796;63.3564;49.0;2585.690875;10.9;38.85;46.0;46.3;54.1;54.6;53.0;55.3;44.7;44.8;51.7;50.8;51.1;51.0;53.0;103;45
2023-01-12T14:13:32.374315;50.125;52.25;51.25;45.0000;35.5000;19.6525;3.1141;63.0054;44.0;2686.251625;12.5;38.85;46.0;46.3;54.1;54.6;53.1;55.3;44.8;44.8;51.8;50.8;51.0;51.0;53.1;178;19
2023-01-12T14:13:33.674803;50.125;52.125;51.125;45.0000;35.5000;19.5862;3.5285;72.4051;45.0;2554.963875;11.7;38.85;46.0;46.3;54.1;54.6;53.1;55.3;44.8;44.8;51.8;50.8;51.0;51.0;53.1;324;3
2023-01-12T14:13:34.974158;50.125;52.125;51.25;45.0000;35.5000;19.5962;3.5541;61.4337;45.0;2823.319875;11.9;38.85;46.0;46.3;54.0;54.7;52.9;55.4;44.8;44.8;51.8;50.9;51.0;51.1;53.1;148;24
2023-01-12T14:13:36.272539;50.25;52.25;51.25;45.0000;35.5000;19.6262;3.5743;60.1977;49.0;2872.3978749999997;11.2;38.85;46.0;46.3;54.2;54.4;53.1;55.5;44.8;44.8;51.8;50.7;51.2;51.0;53.1;217;32